path,true_is_countable,pred_is_countable,confidence,predicted_count,true_value
data/augmented_wells/Panama/plate_2/Panama_plate2_C1_aug_5.jpg,1,1,0.9996691942214966,8,11
data/augmented_wells/PR8v/plate_10/PR8v_plate10_C3_aug_2.jpg,1,1,0.9998544454574585,33,31
data/augmented_wells/PR8/plate_21/PR8_plate21_B1_orig.jpg,0,0,0.09648454189300537,-1,-1
data/augmented_wells/PR8/plate_16/PR8_plate16_B4_orig.jpg,1,1,0.9991316199302673,0,0
data/augmented_wells/Brisbane/plate_1/Brisbane_plate1_C4_aug_0.jpg,1,1,0.9942417144775391,6,1
data/augmented_wells/IBV/plate_3/IBV_plate3_C3_orig.jpg,1,1,0.9994726777076721,3,3
data/augmented_wells/PR8/plate_8/PR8_plate8_B4_orig.jpg,1,1,0.9991644620895386,0,0
data/augmented_wells/PR8/plate_21/PR8_plate21_A2_aug_4.jpg,1,1,0.9999946355819702,49,53
data/augmented_wells/Brisbane/plate_2/Brisbane_plate2_A2_aug_0.jpg,1,1,0.9999282360076904,36,42
data/augmented_wells/Brisbane/plate_2/Brisbane_plate2_A3_orig.jpg,1,1,0.9999865293502808,7,7
data/augmented_wells/IBV/plate_1/IBV_plate1_A3_aug_0.jpg,1,1,0.9995608925819397,1,1
data/augmented_wells/Brisbane/plate_6/Brisbane_plate6_A2_orig.jpg,1,1,0.999970555305481,59,65
data/augmented_wells/PR8/plate_10/PR8_plate10_A1_orig.jpg,1,1,0.999900221824646,0,0
data/augmented_wells/PR8/plate_17/PR8_plate17_C1_orig.jpg,1,1,0.9998384714126587,0,0
data/augmented_wells/Brisbane/plate_9/Brisbane_plate9_B2_aug_2.jpg,1,1,0.9999997615814209,24,26
data/augmented_wells/PR8v/plate_5/PR8v_plate5_B4_aug_1.jpg,1,1,0.9999995231628418,8,14
data/augmented_wells/Brisbane/plate_6/Brisbane_plate6_A3_aug_3.jpg,1,1,0.9999709129333496,9,9
data/augmented_wells/PR8/plate_4/PR8_plate4_C1_orig.jpg,1,1,0.9989393353462219,1,1
data/augmented_wells/PR8/plate_1/PR8_plate1_C4_orig.jpg,1,1,0.9997474551200867,0,0
data/augmented_wells/Brisbane/plate_6/Brisbane_plate6_B2_aug_1.jpg,1,1,0.9998842477798462,52,60
data/augmented_wells/Panama/plate_5/Panama_plate5_B1_aug_0.jpg,1,1,0.9999940395355225,4,4
data/augmented_wells/PR8v/plate_6/PR8v_plate6_B1_orig.jpg,0,0,0.0032346223015338182,-1,-1
data/augmented_wells/PR8/plate_11/PR8_plate11_B3_orig.jpg,1,1,0.9993626475334167,0,0
data/augmented_wells/IBV/plate_6/IBV_plate6_B4_aug_4.jpg,1,1,0.999990701675415,154,92
data/augmented_wells/PR8/plate_23/PR8_plate23_C3_orig.jpg,1,1,0.9976791739463806,0,0
data/augmented_wells/Brisbane/plate_9/Brisbane_plate9_C3_aug_0.jpg,1,1,0.9989898800849915,3,3
data/augmented_wells/PR8/plate_7/PR8_plate7_A3_orig.jpg,1,1,0.9996763467788696,0,0
data/augmented_wells/PR8/plate_16/PR8_plate16_A4_orig.jpg,1,1,0.9999197721481323,0,0
data/augmented_wells/Brisbane/plate_9/Brisbane_plate9_B2_aug_0.jpg,1,1,0.9999988079071045,23,26
data/augmented_wells/PR8v/plate_11/PR8v_plate11_A4_orig.jpg,1,1,0.9675073623657227,1,1
data/augmented_wells/PR8v/plate_13/PR8v_plate13_B2_orig.jpg,0,0,0.04570827633142471,-1,-1
data/augmented_wells/PR8/plate_5/PR8_plate5_C3_orig.jpg,1,1,0.9993687272071838,0,0
data/augmented_wells/Brisbane/plate_10/Brisbane_plate10_B3_orig.jpg,1,1,0.9869188666343689,0,0
data/augmented_wells/PR8v/plate_8/PR8v_plate8_A4_orig.jpg,1,1,0.9841716885566711,4,3
data/augmented_wells/PR8/plate_22/PR8_plate22_A2_aug_5.jpg,1,1,0.9991521835327148,13,12
data/augmented_wells/Panama/plate_2/Panama_plate2_A1_aug_2.jpg,1,1,0.9990335702896118,9,10
data/augmented_wells/Panama/plate_10/Panama_plate10_B3_aug_0.jpg,1,1,0.9995754361152649,1,1
data/augmented_wells/Panama/plate_11/Panama_plate11_B3_aug_1.jpg,1,1,0.9995517134666443,5,5
data/augmented_wells/Brisbane/plate_8/Brisbane_plate8_A3_aug_1.jpg,1,1,0.9980064034461975,4,3
data/augmented_wells/IBV/plate_3/IBV_plate3_B2_aug_0.jpg,1,1,0.9992902278900146,6,8
data/augmented_wells/PR8v/plate_11/PR8v_plate11_B3_aug_3.jpg,1,1,0.9996985197067261,22,25
data/augmented_wells/PR8/plate_22/PR8_plate22_A3_aug_0.jpg,1,1,0.9967265129089355,1,1
data/augmented_wells/PR8/plate_16/PR8_plate16_C1_orig.jpg,1,1,0.9996008276939392,0,0
data/augmented_wells/PR8v/plate_12/PR8v_plate12_C3_aug_0.jpg,1,1,0.9999591112136841,10,10
data/augmented_wells/Brisbane/plate_3/Brisbane_plate3_A2_aug_3.jpg,1,1,0.9999802112579346,29,26
data/augmented_wells/PR8/plate_17/PR8_plate17_A2_orig.jpg,1,1,0.9849811792373657,0,0
data/augmented_wells/PR8/plate_1/PR8_plate1_A3_orig.jpg,1,1,0.9993613362312317,0,0
data/augmented_wells/PR8v/plate_2/PR8v_plate2_B4_aug_4.jpg,1,1,0.9995993971824646,24,19
data/augmented_wells/Panama/plate_5/Panama_plate5_A1_aug_4.jpg,1,1,0.9998006224632263,6,6
data/augmented_wells/PR8v/plate_3/PR8v_plate3_C4_orig.jpg,1,1,0.9986534118652344,9,11
data/augmented_wells/Panama/plate_5/Panama_plate5_C4_orig.jpg,1,1,0.9998319149017334,0,0
data/augmented_wells/PR8v/plate_9/PR8v_plate9_B2_orig.jpg,0,0,0.015340632759034634,-1,-1
data/augmented_wells/Panama/plate_10/Panama_plate10_A1_orig.jpg,0,0,0.031963977962732315,-1,-1
data/augmented_wells/Brisbane/plate_1/Brisbane_plate1_B3_aug_1.jpg,1,1,0.999873161315918,14,13
data/augmented_wells/IBV/plate_1/IBV_plate1_B2_orig.jpg,1,1,0.9997797608375549,1,1
data/augmented_wells/PR8v/plate_10/PR8v_plate10_A3_aug_1.jpg,1,1,0.9999908208847046,26,26
data/augmented_wells/PR8/plate_1/PR8_plate1_C1_aug_2.jpg,1,1,0.999962329864502,7,7
data/augmented_wells/PR8v/plate_2/PR8v_plate2_B2_orig.jpg,0,0,0.005452270619571209,-1,-1
data/augmented_wells/Panama/plate_11/Panama_plate11_A2_aug_0.jpg,1,1,0.9994730353355408,28,40
data/augmented_wells/PR8v/plate_12/PR8v_plate12_B1_orig.jpg,0,0,0.004148063715547323,-1,-1
data/augmented_wells/PR8v/plate_2/PR8v_plate2_C4_aug_3.jpg,1,1,0.9999955892562866,12,10
data/augmented_wells/Brisbane/plate_3/Brisbane_plate3_C3_orig.jpg,1,1,0.9999455213546753,3,3
data/augmented_wells/Brisbane/plate_6/Brisbane_plate6_C4_aug_4.jpg,1,1,0.9997521042823792,13,13
data/augmented_wells/Brisbane/plate_5/Brisbane_plate5_A4_orig.jpg,1,1,0.9998264908790588,1,1
data/augmented_wells/Panama/plate_5/Panama_plate5_C1_aug_1.jpg,1,1,0.9999905824661255,3,3
data/augmented_wells/PR8v/plate_6/PR8v_plate6_A2_orig.jpg,0,0,0.015863455832004547,-1,-1
data/augmented_wells/Panama/plate_8/Panama_plate8_C2_orig.jpg,1,1,0.9984087347984314,0,0
data/augmented_wells/PR8/plate_19/PR8_plate19_C2_aug_4.jpg,1,1,0.999998927116394,48,49
data/augmented_wells/PR8v/plate_3/PR8v_plate3_A4_aug_1.jpg,1,1,0.9999382495880127,13,12
data/augmented_wells/IBV/plate_3/IBV_plate3_C3_aug_0.jpg,1,1,0.9999995231628418,5,3
data/augmented_wells/Brisbane/plate_1/Brisbane_plate1_C3_aug_4.jpg,1,1,0.999984860420227,7,8
data/augmented_wells/Brisbane/plate_8/Brisbane_plate8_B2_orig.jpg,1,1,0.9999979734420776,30,28
data/augmented_wells/PR8/plate_1/PR8_plate1_C3_orig.jpg,1,1,0.9992324113845825,0,0
data/augmented_wells/Panama/plate_9/Panama_plate9_A4_orig.jpg,1,1,0.9998107552528381,0,0
data/augmented_wells/Brisbane/plate_7/Brisbane_plate7_B3_aug_1.jpg,1,1,0.9999938011169434,5,5
data/augmented_wells/PR8/plate_4/PR8_plate4_B1_orig.jpg,1,1,0.9997846484184265,0,0
data/augmented_wells/PR8/plate_6/PR8_plate6_C4_orig.jpg,1,1,0.9999758005142212,0,0
data/augmented_wells/Brisbane/plate_5/Brisbane_plate5_B4_aug_1.jpg,1,1,0.9991182684898376,1,1
data/augmented_wells/PR8/plate_18/PR8_plate18_A2_aug_4.jpg,1,1,0.999996542930603,47,57
data/augmented_wells/Brisbane/plate_9/Brisbane_plate9_C2_aug_3.jpg,1,1,0.9999517202377319,28,31
data/augmented_wells/IBV/plate_3/IBV_plate3_A2_aug_0.jpg,1,1,0.9998292922973633,15,15
data/augmented_wells/PR8v/plate_10/PR8v_plate10_C4_aug_0.jpg,1,1,0.9985482096672058,10,8
data/augmented_wells/Brisbane/plate_7/Brisbane_plate7_C2_orig.jpg,1,1,0.9999994039535522,30,31
data/augmented_wells/PR8/plate_12/PR8_plate12_B2_orig.jpg,1,1,0.999258816242218,0,0
data/augmented_wells/IBV/plate_6/IBV_plate6_B4_aug_5.jpg,1,1,0.999969482421875,132,92
data/augmented_wells/PR8/plate_5/PR8_plate5_B1_orig.jpg,1,1,0.9999529123306274,0,0
data/augmented_wells/PR8v/plate_11/PR8v_plate11_C1_orig.jpg,0,0,0.007128987926989794,-1,-1
data/augmented_wells/IBV/plate_6/IBV_plate6_C3_orig.jpg,0,0,0.019981445744633675,-1,-1
data/augmented_wells/Brisbane/plate_1/Brisbane_plate1_A3_aug_1.jpg,1,1,0.9999469518661499,10,9
data/augmented_wells/PR8v/plate_13/PR8v_plate13_A4_aug_3.jpg,1,1,0.9943476319313049,19,11
data/augmented_wells/PR8/plate_18/PR8_plate18_A3_aug_3.jpg,1,1,0.9997370839118958,10,10
data/augmented_wells/Brisbane/plate_4/Brisbane_plate4_A1_orig.jpg,0,0,0.006180049851536751,-1,-1
data/augmented_wells/Brisbane/plate_5/Brisbane_plate5_B2_aug_3.jpg,1,1,0.9999858140945435,18,15
data/augmented_wells/PR8/plate_22/PR8_plate22_B4_aug_0.jpg,1,1,0.9989985823631287,1,1
data/augmented_wells/Panama/plate_10/Panama_plate10_B2_orig.jpg,1,1,0.9997274279594421,26,31
data/augmented_wells/Brisbane/plate_2/Brisbane_plate2_A3_aug_0.jpg,1,1,0.9999619722366333,7,7
data/augmented_wells/PR8v/plate_4/PR8v_plate4_A4_orig.jpg,1,1,0.9999864101409912,22,23
data/augmented_wells/PR8/plate_22/PR8_plate22_A1_aug_5.jpg,1,1,0.9999287128448486,47,47
data/augmented_wells/PR8v/plate_1/PR8v_plate1_C2_orig.jpg,0,0,0.003937480505555868,-1,-1
data/augmented_wells/Brisbane/plate_1/Brisbane_plate1_C4_aug_1.jpg,1,1,0.9968245029449463,4,1
data/augmented_wells/Panama/plate_3/Panama_plate3_C1_aug_0.jpg,1,1,0.9999041557312012,14,15
data/augmented_wells/Brisbane/plate_6/Brisbane_plate6_B2_aug_0.jpg,1,1,0.9997603297233582,54,60
data/augmented_wells/PR8v/plate_5/PR8v_plate5_C4_aug_3.jpg,1,1,0.99887615442276,13,10
data/augmented_wells/PR8/plate_8/PR8_plate8_A1_orig.jpg,1,1,0.9995555281639099,0,0
data/augmented_wells/Brisbane/plate_7/Brisbane_plate7_A4_orig.jpg,1,1,0.9989590644836426,0,0
data/augmented_wells/IBV/plate_2/IBV_plate2_B2_orig.jpg,0,0,0.0029260350856930017,-1,-1
data/augmented_wells/PR8/plate_22/PR8_plate22_C1_orig.jpg,1,1,0.999365508556366,47,51
data/augmented_wells/PR8/plate_12/PR8_plate12_A4_orig.jpg,1,1,0.9998948574066162,0,0
data/augmented_wells/PR8v/plate_8/PR8v_plate8_A3_aug_4.jpg,1,1,0.9687603116035461,10,18
data/augmented_wells/PR8/plate_21/PR8_plate21_B3_aug_0.jpg,1,1,0.9997895359992981,8,8
data/augmented_wells/Brisbane/plate_8/Brisbane_plate8_B2_aug_2.jpg,1,1,0.9999979734420776,29,28
data/augmented_wells/Panama/plate_8/Panama_plate8_C4_orig.jpg,1,1,0.9999921321868896,0,0
data/augmented_wells/Brisbane/plate_9/Brisbane_plate9_C4_orig.jpg,1,1,0.9996817111968994,0,0
data/augmented_wells/Brisbane/plate_2/Brisbane_plate2_C1_orig.jpg,0,0,0.0036995471455156803,-1,-1
data/augmented_wells/Brisbane/plate_7/Brisbane_plate7_C4_orig.jpg,1,1,0.9979856014251709,0,0
data/augmented_wells/PR8/plate_19/PR8_plate19_C3_aug_3.jpg,1,1,0.9993795156478882,7,8
data/augmented_wells/PR8/plate_18/PR8_plate18_C3_aug_4.jpg,1,1,0.9998574256896973,10,10
data/augmented_wells/PR8v/plate_1/PR8v_plate1_A2_orig.jpg,0,0,0.008676108904182911,-1,-1
data/augmented_wells/IBV/plate_6/IBV_plate6_C4_aug_2.jpg,1,1,0.9999574422836304,213,107
data/augmented_wells/PR8/plate_16/PR8_plate16_C2_orig.jpg,1,1,0.9990193843841553,0,0
data/augmented_wells/Brisbane/plate_3/Brisbane_plate3_A2_orig.jpg,1,1,0.999987006187439,23,26
data/augmented_wells/IBV/plate_3/IBV_plate3_C2_aug_3.jpg,1,1,0.9999997615814209,10,11
data/augmented_wells/PR8/plate_19/PR8_plate19_C2_aug_1.jpg,1,1,0.999998927116394,48,49
data/augmented_wells/Panama/plate_11/Panama_plate11_A2_aug_3.jpg,1,1,0.9993820190429688,31,40
data/augmented_wells/PR8v/plate_2/PR8v_plate2_C4_aug_2.jpg,1,1,0.9998916387557983,10,10
data/augmented_wells/Panama/plate_1/Panama_plate1_B1_aug_5.jpg,1,1,0.9999433755874634,17,19
data/augmented_wells/Panama/plate_4/Panama_plate4_A1_aug_0.jpg,1,1,0.9998053908348083,8,9
data/augmented_wells/PR8v/plate_10/PR8v_plate10_B1_orig.jpg,0,0,0.01151281502097845,-1,-1
data/augmented_wells/PR8/plate_17/PR8_plate17_A4_orig.jpg,1,1,0.9996895790100098,0,0
data/augmented_wells/Panama/plate_7/Panama_plate7_B2_orig.jpg,1,1,0.9994291663169861,0,0
data/augmented_wells/Brisbane/plate_4/Brisbane_plate4_C2_aug_5.jpg,1,1,0.999913215637207,20,19
data/augmented_wells/Panama/plate_7/Panama_plate7_B3_aug_0.jpg,1,1,0.9996153116226196,1,1
data/augmented_wells/Panama/plate_11/Panama_plate11_C4_orig.jpg,1,1,0.9990482926368713,1,1
data/augmented_wells/Brisbane/plate_4/Brisbane_plate4_B2_orig.jpg,1,1,0.995000422000885,0,0
data/augmented_wells/Panama/plate_8/Panama_plate8_B2_orig.jpg,1,1,0.9996495246887207,0,0
data/augmented_wells/PR8/plate_7/PR8_plate7_C1_orig.jpg,1,1,0.9996942281723022,0,0
data/augmented_wells/Panama/plate_12/Panama_plate12_B3_orig.jpg,1,1,0.9999638795852661,0,0
data/augmented_wells/PR8/plate_21/PR8_plate21_C2_aug_1.jpg,1,1,0.9999990463256836,34,37
data/augmented_wells/PR8v/plate_5/PR8v_plate5_A4_aug_2.jpg,1,1,0.9819530844688416,12,9
data/augmented_wells/PR8v/plate_8/PR8v_plate8_A1_orig.jpg,0,0,0.016837207600474358,-1,-1
data/augmented_wells/PR8v/plate_7/PR8v_plate7_B3_orig.jpg,1,1,0.9999125003814697,28,26
data/augmented_wells/Panama/plate_3/Panama_plate3_A1_aug_2.jpg,1,1,0.9999563694000244,8,8
data/augmented_wells/PR8/plate_2/PR8_plate2_A3_orig.jpg,1,1,0.9997299313545227,0,0
data/augmented_wells/Brisbane/plate_4/Brisbane_plate4_B4_orig.jpg,1,1,0.9997081160545349,0,0
data/augmented_wells/Panama/plate_2/Panama_plate2_B1_aug_4.jpg,1,1,0.9997991919517517,14,13
data/augmented_wells/PR8v/plate_11/PR8v_plate11_B4_aug_0.jpg,1,1,0.9366210699081421,35,4
data/augmented_wells/IBV/plate_6/IBV_plate6_C2_orig.jpg,0,0,0.003556947922334075,-1,-1
data/augmented_wells/IBV/plate_3/IBV_plate3_A1_aug_6.jpg,1,1,0.9990419745445251,59,60
data/augmented_wells/PR8/plate_22/PR8_plate22_C2_orig.jpg,1,1,0.9998470544815063,6,8
data/augmented_wells/PR8/plate_3/PR8_plate3_A1_aug_0.jpg,1,1,0.9999512434005737,1,1
data/augmented_wells/Brisbane/plate_3/Brisbane_plate3_A4_orig.jpg,1,1,0.9998189806938171,1,1
data/augmented_wells/PR8v/plate_7/PR8v_plate7_B4_aug_1.jpg,1,1,0.9999898672103882,38,2
data/augmented_wells/Panama/plate_4/Panama_plate4_B1_aug_0.jpg,1,1,0.9999758005142212,7,7
data/augmented_wells/Panama/plate_10/Panama_plate10_C2_aug_2.jpg,1,1,0.9912593960762024,27,24
data/augmented_wells/PR8/plate_22/PR8_plate22_B2_aug_3.jpg,1,1,0.9996182918548584,9,6
data/augmented_wells/Panama/plate_1/Panama_plate1_A2_orig.jpg,1,1,0.9998792409896851,1,2
data/augmented_wells/IBV/plate_3/IBV_plate3_B2_orig.jpg,1,1,0.9999897480010986,7,8
data/augmented_wells/PR8/plate_18/PR8_plate18_C2_aug_5.jpg,1,1,0.9999998807907104,48,54
data/augmented_wells/PR8v/plate_7/PR8v_plate7_A3_aug_0.jpg,1,1,0.9910282492637634,24,25
data/augmented_wells/Brisbane/plate_6/Brisbane_plate6_A3_aug_2.jpg,1,1,0.9999269247055054,8,9
data/augmented_wells/IBV/plate_3/IBV_plate3_B1_aug_5.jpg,1,1,0.9999972581863403,61,75
data/augmented_wells/Brisbane/plate_5/Brisbane_plate5_A4_aug_0.jpg,1,1,0.9998252987861633,1,1
data/augmented_wells/Panama/plate_10/Panama_plate10_C3_aug_0.jpg,1,1,0.9913028478622437,7,6
data/augmented_wells/IBV/plate_2/IBV_plate2_C1_orig.jpg,0,0,0.0029492387548089027,-1,-1
data/augmented_wells/PR8/plate_21/PR8_plate21_A2_aug_5.jpg,1,1,0.9999767541885376,47,53
data/augmented_wells/Brisbane/plate_4/Brisbane_plate4_C1_aug_5.jpg,1,1,0.9999648332595825,154,102
data/augmented_wells/PR8v/plate_5/PR8v_plate5_B4_orig.jpg,1,1,0.999997615814209,13,14
data/augmented_wells/PR8v/plate_10/PR8v_plate10_B4_orig.jpg,1,1,0.9922617673873901,3,2
data/augmented_wells/Brisbane/plate_2/Brisbane_plate2_B2_aug_4.jpg,1,1,0.9999195337295532,36,36
data/augmented_wells/PR8/plate_19/PR8_plate19_B1_orig.jpg,0,0,0.011433123610913754,-1,-1
data/augmented_wells/Panama/plate_6/Panama_plate6_B1_aug_0.jpg,1,1,0.9998615980148315,3,3
data/augmented_wells/Brisbane/plate_3/Brisbane_plate3_C1_orig.jpg,0,0,0.00620955228805542,-1,-1
data/augmented_wells/PR8/plate_18/PR8_plate18_C3_aug_0.jpg,1,1,0.9996334314346313,9,10
data/augmented_wells/Panama/plate_4/Panama_plate4_C2_aug_1.jpg,1,1,0.9999885559082031,1,1
data/augmented_wells/PR8v/plate_2/PR8v_plate2_A2_orig.jpg,0,0,0.004605303052812815,-1,-1
data/augmented_wells/PR8/plate_19/PR8_plate19_B2_aug_4.jpg,1,1,0.9999998807907104,40,45
data/augmented_wells/Brisbane/plate_6/Brisbane_plate6_B4_orig.jpg,1,1,0.9994423985481262,1,1
data/augmented_wells/PR8/plate_21/PR8_plate21_A3_orig.jpg,1,1,0.9994615912437439,6,9
data/augmented_wells/PR8/plate_16/PR8_plate16_A1_orig.jpg,1,1,0.999954342842102,0,0
data/augmented_wells/PR8/plate_19/PR8_plate19_A2_aug_1.jpg,1,1,0.9999924898147583,36,41
data/augmented_wells/PR8v/plate_2/PR8v_plate2_B4_orig.jpg,1,1,0.994852602481842,20,19
data/augmented_wells/Brisbane/plate_1/Brisbane_plate1_C4_orig.jpg,1,1,0.9968245029449463,4,1
data/augmented_wells/PR8/plate_22/PR8_plate22_C1_aug_3.jpg,1,1,0.9999915361404419,48,51
data/augmented_wells/PR8/plate_14/PR8_plate14_A1_orig.jpg,1,1,0.9984545707702637,0,0
data/augmented_wells/PR8v/plate_1/PR8v_plate1_B4_orig.jpg,1,1,0.999804675579071,30,22
data/augmented_wells/PR8/plate_4/PR8_plate4_C3_orig.jpg,1,1,0.9881077408790588,0,0
data/augmented_wells/PR8v/plate_2/PR8v_plate2_B1_orig.jpg,0,0,0.002893890021368861,-1,-1
data/augmented_wells/Panama/plate_10/Panama_plate10_C2_aug_3.jpg,1,1,0.9998359680175781,24,24
data/augmented_wells/Panama/plate_10/Panama_plate10_A4_orig.jpg,1,1,0.9998914003372192,0,0
data/augmented_wells/Brisbane/plate_9/Brisbane_plate9_A4_orig.jpg,1,1,0.9998812675476074,1,0
data/augmented_wells/PR8/plate_9/PR8_plate9_B2_orig.jpg,1,1,0.9998675584793091,0,0
data/augmented_wells/PR8/plate_9/PR8_plate9_C4_orig.jpg,1,1,0.9995872378349304,0,0
data/augmented_wells/PR8/plate_19/PR8_plate19_B3_orig.jpg,1,1,0.9997065663337708,8,8
data/augmented_wells/PR8v/plate_5/PR8v_plate5_B2_orig.jpg,0,0,0.011208651587367058,-1,-1
data/augmented_wells/Panama/plate_4/Panama_plate4_B3_orig.jpg,1,1,0.9999266862869263,0,0
data/augmented_wells/PR8v/plate_9/PR8v_plate9_C4_aug_1.jpg,1,1,0.9997945427894592,11,11
data/augmented_wells/PR8v/plate_7/PR8v_plate7_C3_aug_3.jpg,1,1,0.9999995231628418,23,24
data/augmented_wells/Panama/plate_10/Panama_plate10_C2_orig.jpg,1,1,0.9973491430282593,24,24
data/augmented_wells/Panama/plate_3/Panama_plate3_B1_aug_4.jpg,1,1,0.9999210834503174,10,10
data/augmented_wells/Brisbane/plate_3/Brisbane_plate3_B3_aug_1.jpg,1,1,0.9982061386108398,2,2
data/augmented_wells/PR8/plate_23/PR8_plate23_A2_orig.jpg,1,1,0.9997164607048035,0,0
data/augmented_wells/PR8/plate_10/PR8_plate10_A3_orig.jpg,1,1,0.9950826168060303,0,0
data/augmented_wells/PR8v/plate_5/PR8v_plate5_A4_orig.jpg,1,1,0.9895309209823608,13,9
data/augmented_wells/PR8/plate_22/PR8_plate22_C4_orig.jpg,1,1,0.9990372657775879,0,0
data/augmented_wells/PR8/plate_22/PR8_plate22_A1_orig.jpg,1,1,0.9997349381446838,47,47
data/augmented_wells/PR8v/plate_11/PR8v_plate11_B4_orig.jpg,1,1,0.9849327206611633,17,4
data/augmented_wells/PR8v/plate_5/PR8v_plate5_C1_orig.jpg,0,0,0.0030047986656427383,-1,-1
data/augmented_wells/IBV/plate_3/IBV_plate3_C2_aug_4.jpg,1,1,0.9999473094940186,10,11
data/augmented_wells/Brisbane/plate_1/Brisbane_plate1_B2_aug_6.jpg,1,1,0.9988382458686829,57,54
data/augmented_wells/Panama/plate_4/Panama_plate4_C1_aug_1.jpg,1,1,0.999829888343811,6,5
data/augmented_wells/IBV/plate_3/IBV_plate3_A3_orig.jpg,1,1,0.9868640303611755,2,2
data/augmented_wells/IBV/plate_1/IBV_plate1_C1_aug_0.jpg,1,1,0.9999871253967285,30,34
data/augmented_wells/IBV/plate_3/IBV_plate3_C1_aug_6.jpg,1,1,0.9999998807907104,167,94
data/augmented_wells/IBV/plate_3/IBV_plate3_C2_aug_1.jpg,1,1,0.9999241828918457,10,11
data/augmented_wells/Panama/plate_5/Panama_plate5_B3_aug_1.jpg,1,1,0.9999750852584839,1,1
data/augmented_wells/PR8/plate_19/PR8_plate19_B2_aug_2.jpg,1,1,0.9999971389770508,45,45
data/augmented_wells/IBV/plate_5/IBV_plate5_B1_aug_1.jpg,1,1,0.9999408721923828,14,15
data/augmented_wells/PR8/plate_7/PR8_plate7_A4_orig.jpg,1,1,0.9994763731956482,1,0
data/augmented_wells/IBV/plate_5/IBV_plate5_C1_aug_1.jpg,1,1,0.9998043179512024,21,21
data/augmented_wells/PR8v/plate_2/PR8v_plate2_A4_aug_2.jpg,1,1,0.9999985694885254,14,12
data/augmented_wells/PR8v/plate_10/PR8v_plate10_C3_orig.jpg,1,1,0.9995402097702026,29,31
data/augmented_wells/Brisbane/plate_2/Brisbane_plate2_B2_aug_2.jpg,1,1,0.9999243021011353,38,36
data/augmented_wells/Brisbane/plate_7/Brisbane_plate7_B4_aug_1.jpg,1,1,0.9988946318626404,3,2
data/augmented_wells/Brisbane/plate_3/Brisbane_plate3_C2_aug_3.jpg,1,1,0.9999953508377075,25,23
data/augmented_wells/PR8/plate_19/PR8_plate19_B2_aug_6.jpg,1,1,0.9999971389770508,46,45
data/augmented_wells/Brisbane/plate_5/Brisbane_plate5_C2_aug_1.jpg,1,1,0.9995606541633606,16,12
data/augmented_wells/Panama/plate_9/Panama_plate9_C2_orig.jpg,1,1,0.9938109517097473,0,0
data/augmented_wells/Panama/plate_7/Panama_plate7_A1_aug_1.jpg,1,1,0.998729407787323,2,1
data/augmented_wells/PR8/plate_16/PR8_plate16_C4_orig.jpg,1,1,0.9988147020339966,0,0
data/augmented_wells/PR8v/plate_11/PR8v_plate11_A4_aug_0.jpg,1,1,0.9006587862968445,1,1
data/augmented_wells/PR8/plate_20/PR8_plate20_B2_orig.jpg,1,1,0.9981009364128113,0,0
data/augmented_wells/PR8v/plate_7/PR8v_plate7_C3_aug_1.jpg,1,1,0.9999969005584717,20,24
data/augmented_wells/Brisbane/plate_6/Brisbane_plate6_C2_aug_6.jpg,1,1,0.9999992847442627,60,61
data/augmented_wells/Panama/plate_1/Panama_plate1_B2_aug_0.jpg,1,1,0.9997151494026184,3,3
data/augmented_wells/Panama/plate_7/Panama_plate7_B1_orig.jpg,1,1,0.9996535778045654,2,2
data/augmented_wells/Panama/plate_1/Panama_plate1_A1_aug_1.jpg,1,1,0.9998562335968018,18,17
data/augmented_wells/PR8/plate_14/PR8_plate14_A2_orig.jpg,1,1,0.9972261786460876,0,0
data/augmented_wells/PR8v/plate_4/PR8v_plate4_A4_aug_3.jpg,1,1,0.9999864101409912,22,23
data/augmented_wells/PR8v/plate_9/PR8v_plate9_B3_orig.jpg,0,0,0.03397985175251961,-1,-1
data/augmented_wells/PR8/plate_19/PR8_plate19_B3_aug_4.jpg,1,1,0.9997065663337708,8,8
data/augmented_wells/IBV/plate_5/IBV_plate5_A2_orig.jpg,1,1,0.9998787641525269,1,2
data/augmented_wells/PR8/plate_22/PR8_plate22_C2_aug_0.jpg,1,1,0.9999938011169434,7,8
data/augmented_wells/PR8v/plate_1/PR8v_plate1_B1_orig.jpg,0,0,0.0030489317141473293,-1,-1
data/augmented_wells/Panama/plate_4/Panama_plate4_B1_aug_1.jpg,1,1,0.9997839331626892,7,7
data/augmented_wells/PR8/plate_22/PR8_plate22_B1_aug_2.jpg,1,1,0.999967098236084,49,56
data/augmented_wells/PR8/plate_9/PR8_plate9_B4_orig.jpg,1,1,0.99899822473526,0,0
data/augmented_wells/Panama/plate_5/Panama_plate5_A1_aug_0.jpg,1,1,0.9998006224632263,6,6
data/augmented_wells/PR8/plate_18/PR8_plate18_A4_aug_1.jpg,1,1,0.999452531337738,0,1
data/augmented_wells/PR8/plate_20/PR8_plate20_A3_orig.jpg,1,1,0.993366539478302,0,0
data/augmented_wells/PR8v/plate_9/PR8v_plate9_C4_aug_2.jpg,1,1,0.9999632835388184,9,11
data/augmented_wells/PR8/plate_3/PR8_plate3_C2_orig.jpg,1,1,0.995318591594696,0,0
data/augmented_wells/PR8/plate_21/PR8_plate21_A2_aug_6.jpg,1,1,0.9998899698257446,46,53
data/augmented_wells/IBV/plate_3/IBV_plate3_A1_aug_3.jpg,1,1,0.9990419745445251,60,60
data/augmented_wells/IBV/plate_3/IBV_plate3_B2_aug_1.jpg,1,1,0.9992902278900146,6,8
data/augmented_wells/IBV/plate_6/IBV_plate6_A4_aug_2.jpg,1,1,0.9999988079071045,198,110
data/augmented_wells/PR8v/plate_2/PR8v_plate2_C1_orig.jpg,0,0,0.0022817617282271385,-1,-1
data/augmented_wells/IBV/plate_1/IBV_plate1_C2_aug_0.jpg,1,1,0.9999825954437256,6,6
data/augmented_wells/PR8/plate_12/PR8_plate12_A2_orig.jpg,1,1,0.994793713092804,0,0
data/augmented_wells/PR8v/plate_6/PR8v_plate6_C3_aug_2.jpg,1,1,0.9731689095497131,33,39
data/augmented_wells/PR8/plate_21/PR8_plate21_B3_aug_3.jpg,1,1,0.9998620748519897,8,8
data/augmented_wells/Brisbane/plate_6/Brisbane_plate6_C2_aug_0.jpg,1,1,0.9999483823776245,58,61
data/augmented_wells/Brisbane/plate_5/Brisbane_plate5_A2_orig.jpg,1,1,0.9999940395355225,14,16
data/augmented_wells/Brisbane/plate_8/Brisbane_plate8_C1_orig.jpg,0,0,0.004948138725012541,-1,-1
data/augmented_wells/Brisbane/plate_9/Brisbane_plate9_C2_aug_0.jpg,1,1,0.9999517202377319,28,31
data/augmented_wells/IBV/plate_3/IBV_plate3_B1_aug_3.jpg,1,1,0.9999091625213623,64,75
data/augmented_wells/PR8v/plate_6/PR8v_plate6_A4_aug_0.jpg,1,1,0.9995723366737366,10,6
data/augmented_wells/IBV/plate_5/IBV_plate5_C4_orig.jpg,1,1,0.9999352693557739,0,0
data/augmented_wells/Brisbane/plate_7/Brisbane_plate7_C2_aug_3.jpg,1,1,0.9999998807907104,33,31
data/augmented_wells/Panama/plate_4/Panama_plate4_C1_aug_0.jpg,1,1,0.9999657869338989,6,5
data/augmented_wells/Panama/plate_2/Panama_plate2_C4_orig.jpg,1,1,0.9975632429122925,0,0
data/augmented_wells/Brisbane/plate_6/Brisbane_plate6_C2_aug_3.jpg,1,1,0.999994158744812,52,61
data/augmented_wells/PR8v/plate_5/PR8v_plate5_A4_aug_3.jpg,1,1,0.9872036576271057,10,9
data/augmented_wells/PR8/plate_22/PR8_plate22_C1_aug_4.jpg,1,1,0.9999750852584839,48,51
data/augmented_wells/Brisbane/plate_4/Brisbane_plate4_A2_aug_3.jpg,1,1,0.9999911785125732,24,21
data/augmented_wells/Panama/plate_12/Panama_plate12_C2_orig.jpg,1,1,0.9990124702453613,0,0
data/augmented_wells/Panama/plate_5/Panama_plate5_A1_aug_3.jpg,1,1,0.9999847412109375,6,6
data/augmented_wells/PR8v/plate_14/PR8v_plate14_B3_orig.jpg,1,1,0.9943695664405823,0,0
data/augmented_wells/PR8/plate_18/PR8_plate18_B4_aug_1.jpg,1,1,0.9954469799995422,1,1
data/augmented_wells/PR8/plate_18/PR8_plate18_B2_orig.jpg,1,1,0.999983549118042,57,58
data/augmented_wells/IBV/plate_4/IBV_plate4_B1_orig.jpg,0,0,0.004565409384667873,-1,-1
data/augmented_wells/PR8v/plate_10/PR8v_plate10_B4_aug_1.jpg,1,1,0.9922288060188293,13,2
data/augmented_wells/PR8v/plate_1/PR8v_plate1_B4_aug_0.jpg,1,1,0.999804675579071,30,22
data/augmented_wells/PR8/plate_7/PR8_plate7_B3_orig.jpg,1,1,0.9967719912528992,0,0
data/augmented_wells/Brisbane/plate_6/Brisbane_plate6_A2_aug_0.jpg,1,1,0.9999877214431763,59,65
data/augmented_wells/PR8v/plate_7/PR8v_plate7_A1_orig.jpg,0,0,0.0046248771250247955,-1,-1
data/augmented_wells/PR8/plate_10/PR8_plate10_B1_orig.jpg,1,1,0.9998748302459717,0,0
data/augmented_wells/Brisbane/plate_9/Brisbane_plate9_A3_aug_0.jpg,1,1,0.9999774694442749,8,6
data/augmented_wells/PR8v/plate_4/PR8v_plate4_C4_aug_1.jpg,1,1,0.9999995231628418,16,17
data/augmented_wells/IBV/plate_1/IBV_plate1_B1_orig.jpg,1,1,0.9999563694000244,35,37
data/augmented_wells/PR8v/plate_6/PR8v_plate6_A4_aug_1.jpg,1,1,0.985711395740509,7,6
data/augmented_wells/PR8/plate_19/PR8_plate19_A2_aug_0.jpg,1,1,0.9999983310699463,39,41
data/augmented_wells/Brisbane/plate_5/Brisbane_plate5_A2_aug_1.jpg,1,1,0.9999985694885254,13,16
data/augmented_wells/Brisbane/plate_7/Brisbane_plate7_A2_aug_0.jpg,1,1,1.0,44,42
data/augmented_wells/PR8v/plate_14/PR8v_plate14_C1_orig.jpg,1,1,0.9987348914146423,0,0
data/augmented_wells/Brisbane/plate_3/Brisbane_plate3_C2_aug_0.jpg,1,1,0.9999958276748657,25,23
data/augmented_wells/Brisbane/plate_4/Brisbane_plate4_A4_orig.jpg,1,1,0.9999901056289673,0,0
data/augmented_wells/PR8/plate_18/PR8_plate18_C4_aug_1.jpg,1,1,0.9958308339118958,3,2
data/augmented_wells/Brisbane/plate_2/Brisbane_plate2_C3_orig.jpg,1,1,0.9997875094413757,4,5
data/augmented_wells/PR8v/plate_8/PR8v_plate8_A4_aug_1.jpg,1,1,0.9991291165351868,3,3
data/augmented_wells/Panama/plate_5/Panama_plate5_C1_orig.jpg,1,1,0.9999747276306152,3,3
data/augmented_wells/PR8v/plate_3/PR8v_plate3_A4_aug_3.jpg,1,1,0.999957799911499,15,12
data/augmented_wells/IBV/plate_1/IBV_plate1_C2_aug_1.jpg,1,1,0.9999825954437256,5,6
data/augmented_wells/PR8/plate_17/PR8_plate17_A1_orig.jpg,1,1,0.9997749924659729,0,0
data/augmented_wells/Panama/plate_4/Panama_plate4_B1_aug_2.jpg,1,1,0.9999758005142212,7,7
data/augmented_wells/PR8/plate_16/PR8_plate16_B3_orig.jpg,1,1,0.999695897102356,0,0
data/augmented_wells/PR8v/plate_8/PR8v_plate8_A3_aug_1.jpg,1,1,0.9842082858085632,10,18
data/augmented_wells/PR8/plate_18/PR8_plate18_B4_orig.jpg,1,1,0.9844414591789246,1,1
data/augmented_wells/Brisbane/plate_9/Brisbane_plate9_C2_aug_1.jpg,1,1,0.9999713897705078,28,31
data/augmented_wells/PR8/plate_2/PR8_plate2_A1_aug_1.jpg,1,1,0.9998637437820435,3,2
data/augmented_wells/PR8/plate_4/PR8_plate4_A1_aug_0.jpg,1,1,0.99994957447052,1,1
data/augmented_wells/Brisbane/plate_5/Brisbane_plate5_B3_aug_1.jpg,1,1,0.9999804496765137,5,4
data/augmented_wells/Brisbane/plate_1/Brisbane_plate1_A2_aug_2.jpg,1,1,0.99986732006073,54,55
data/augmented_wells/PR8/plate_19/PR8_plate19_C4_aug_1.jpg,1,1,0.9999514818191528,2,1
data/augmented_wells/PR8/plate_19/PR8_plate19_A1_orig.jpg,0,0,0.0069385068491101265,-1,-1
data/augmented_wells/Brisbane/plate_8/Brisbane_plate8_A3_aug_0.jpg,1,1,0.998237133026123,3,3
data/augmented_wells/Panama/plate_11/Panama_plate11_C3_aug_0.jpg,1,1,0.9999639987945557,6,5
data/augmented_wells/Brisbane/plate_6/Brisbane_plate6_A2_aug_3.jpg,1,1,0.9999656677246094,53,65
data/augmented_wells/PR8/plate_3/PR8_plate3_A4_orig.jpg,1,1,0.9999608993530273,0,0
data/augmented_wells/PR8/plate_18/PR8_plate18_C4_aug_0.jpg,1,1,0.9998722076416016,3,2
data/augmented_wells/IBV/plate_6/IBV_plate6_A4_aug_4.jpg,1,1,0.9999997615814209,182,110
data/augmented_wells/PR8v/plate_2/PR8v_plate2_B4_aug_3.jpg,1,1,0.9977114200592041,20,19
data/augmented_wells/PR8/plate_21/PR8_plate21_B2_aug_1.jpg,1,1,0.9999927282333374,43,46
data/augmented_wells/PR8v/plate_10/PR8v_plate10_C1_orig.jpg,0,0,0.006139308679848909,-1,-1
data/augmented_wells/Brisbane/plate_5/Brisbane_plate5_C2_aug_2.jpg,1,1,0.9998962879180908,11,12
data/augmented_wells/Brisbane/plate_2/Brisbane_plate2_A3_aug_4.jpg,1,1,0.9999619722366333,7,7
data/augmented_wells/IBV/plate_6/IBV_plate6_B1_orig.jpg,0,0,0.004535438492894173,-1,-1
data/augmented_wells/PR8v/plate_7/PR8v_plate7_C4_aug_1.jpg,1,1,0.9999992847442627,7,4
data/augmented_wells/PR8v/plate_8/PR8v_plate8_A3_aug_0.jpg,1,1,0.9992926120758057,11,18
data/augmented_wells/Panama/plate_2/Panama_plate2_B1_aug_0.jpg,1,1,0.999184787273407,15,13
data/augmented_wells/IBV/plate_5/IBV_plate5_C1_aug_0.jpg,1,1,0.9999067783355713,22,21
data/augmented_wells/IBV/plate_3/IBV_plate3_C1_aug_1.jpg,1,1,0.9999669790267944,178,94
data/augmented_wells/PR8/plate_6/PR8_plate6_A4_orig.jpg,1,1,0.9999750852584839,0,0
data/augmented_wells/Brisbane/plate_4/Brisbane_plate4_C2_aug_1.jpg,1,1,0.9991647005081177,18,19
data/augmented_wells/IBV/plate_7/IBV_plate7_A3_orig.jpg,1,1,0.9995226860046387,0,0
data/augmented_wells/IBV/plate_3/IBV_plate3_B1_aug_1.jpg,1,1,0.9999091625213623,64,75
data/augmented_wells/Panama/plate_10/Panama_plate10_B2_aug_0.jpg,1,1,0.9992319345474243,31,31
data/augmented_wells/PR8/plate_12/PR8_plate12_B1_orig.jpg,1,1,0.9996850490570068,0,0
data/augmented_wells/Panama/plate_3/Panama_plate3_C4_orig.jpg,1,1,0.999546468257904,0,0
data/augmented_wells/Panama/plate_11/Panama_plate11_B1_orig.jpg,0,0,0.009365959092974663,-1,-1
data/augmented_wells/PR8/plate_19/PR8_plate19_A2_aug_2.jpg,1,1,0.9999924898147583,36,41
data/augmented_wells/IBV/plate_3/IBV_plate3_C4_orig.jpg,1,1,0.9998868703842163,0,0
data/augmented_wells/PR8v/plate_6/PR8v_plate6_B3_aug_4.jpg,1,1,0.9999921321868896,43,41
data/augmented_wells/PR8v/plate_6/PR8v_plate6_C3_orig.jpg,1,1,0.9277235269546509,32,39
data/augmented_wells/IBV/plate_3/IBV_plate3_C3_aug_1.jpg,1,1,0.9994726777076721,3,3
data/augmented_wells/Panama/plate_10/Panama_plate10_B4_orig.jpg,1,1,0.9996803998947144,0,0
data/augmented_wells/PR8/plate_21/PR8_plate21_A3_aug_3.jpg,1,1,0.9998712539672852,7,9
data/augmented_wells/Panama/plate_6/Panama_plate6_C2_orig.jpg,1,1,0.9999250173568726,0,0
data/augmented_wells/Panama/plate_4/Panama_plate4_A1_aug_3.jpg,1,1,0.9999415874481201,10,9
data/augmented_wells/Panama/plate_3/Panama_plate3_A1_aug_3.jpg,1,1,0.9999927282333374,5,8
data/augmented_wells/Panama/plate_2/Panama_plate2_C2_orig.jpg,1,1,0.999157190322876,0,0
